Match ID,Date,Home Team,Away Team,Home xG,Away xG,Home Goals,Away Goals,xG Difference (Home - Away ,Goal difference ,Total xG,Total Goals,xG Overperformance (Home) ,xG Overperformance (Away),Result
CH_0001,14/08/2026,Wolverhampton Wanderers,Blackburn Rovers,1.97,0.84,2,2,1.13,0,2.81,4,0.03,1.16,Draw
CH_0002,15/08/2026,Bolton Wanderers,Preston North End,1.1,1.12,2,1,-0.02,1,2.22,3,0.9,-0.12,Home Win
CH_0003,15/08/2026,Bristol City,Millwall,0.52,3.4,0,2,-2.88,-2,3.92,2,-0.52,-1.4,Away Win
CH_0004,15/08/2026,Charlton Athletic,Derby County,0.97,1,2,1,-0.03,1,1.97,3,1.03,0,Home Win
CH_0005,15/08/2026,Middlesbrough,Lincoln City,2.23,0.58,2,1,1.65,1,2.81,3,-0.23,0.42,Home Win
CH_0006,15/08/2026,Norwich City,West Bromwich Albion,2.96,1.85,1,2,1.11,-1,4.81,3,-1.96,0.15,Away Win
CH_0007,15/08/2026,Portsmouth,Queens Park Rangers,2.17,2.07,1,3,0.1,-2,4.24,4,-1.17,0.93,Away Win
CH_0008,15/08/2026,Sheffield United,Birmingham City,0.29,0.77,0,0,-0.48,0,1.06,0,-0.29,-0.77,Draw
CH_0009,15/08/2026,Stoke City,Swansea City,0.65,0.62,1,2,0.03,-1,1.27,3,0.35,1.38,Away Win
CH_0010,16/08/2026,Burnley,West Ham United,2.1,1.33,2,2,0.77,0,3.43,4,-0.1,0.67,Draw
CH_0011,16/08/2026,Watford,Southampton,0.81,1.71,2,1,-0.9,1,2.52,3,1.19,-0.71,Home Win
CH_0012,17/08/2026,Cardiff City,Wrexham,0.81,1.41,1,1,-0.6,0,2.22,2,0.19,-0.41,Draw
CH_0013,22/08/2026,Birmingham City,Bristol City,1.5,1.51,2,2,-0.01,0,3.01,4,0.5,0.49,Draw
CH_0014,22/08/2026,Blackburn Rovers,Middlesbrough,0.91,1.43,2,1,-0.52,1,2.34,3,1.09,-0.43,Home Win
CH_0015,22/08/2026,Derby County,Cardiff City,1.8,2.26,2,2,-0.46,0,4.06,4,0.2,-0.26,Draw
CH_0016,22/08/2026,Lincoln City,Portsmouth,2.32,1.21,1,3,1.11,-2,3.53,4,-1.32,1.79,Away Win
CH_0017,22/08/2026,Millwall,Norwich City,2.69,1.02,3,0,1.67,3,3.71,3,0.31,-1.02,Home Win
CH_0018,22/08/2026,Preston North End,Wolverhampton Wanderers,0.58,1.58,1,3,-1,-2,2.16,4,0.42,1.42,Away Win
CH_0019,22/08/2026,Queens Park Rangers,Bolton Wanderers,1.82,0.19,0,0,1.63,0,2.01,0,-1.82,-0.19,Draw
CH_0020,22/08/2026,Southampton,Stoke City,2.32,0.93,3,1,1.39,2,3.25,4,0.68,0.07,Home Win
CH_0021,22/08/2026,Swansea City,Sheffield United,0.57,1.46,0,0,-0.89,0,2.03,0,-0.57,-1.46,Draw
CH_0022,22/08/2026,West Ham United,Charlton Athletic,2.84,0.62,1,2,2.22,-1,3.46,3,-1.84,1.38,Away Win
CH_0023,22/08/2026,Wrexham,Watford,1.92,0.65,1,1,1.27,0,2.57,2,-0.92,0.35,Draw
CH_0024,23/08/2026,West Bromwich Albion,Burnley,1.63,1.18,3,1,0.45,2,2.81,4,1.37,-0.18,Home Win
CH_0025,28/08/2026,Wrexham,Birmingham City,1.37,1.52,1,2,-0.15,-1,2.89,3,-0.37,0.48,Away Win
CH_0026,29/08/2026,Blackburn Rovers,Queens Park Rangers,0.92,1.34,1,2,-0.42,-1,2.26,3,0.08,0.66,Away Win
CH_0027,29/08/2026,Bolton Wanderers,Lincoln City,1.89,1.32,0,1,0.57,-1,3.21,1,-1.89,-0.32,Away Win
CH_0028,29/08/2026,Bristol City,Portsmouth,0.61,1.37,2,1,-0.76,1,1.98,3,1.39,-0.37,Home Win
CH_0029,29/08/2026,Cardiff City,Sheffield United,2.24,1.28,2,2,0.96,0,3.52,4,-0.24,0.72,Draw
CH_0030,29/08/2026,Charlton Athletic,Preston North End,0.74,1.32,1,0,-0.58,1,2.06,1,0.26,-1.32,Home Win
CH_0031,29/08/2026,Derby County,Swansea City,0.7,3,0,3,-2.3,-3,3.7,3,-0.7,0,Away Win
CH_0032,29/08/2026,Middlesbrough,West Bromwich Albion,2.55,1.32,3,1,1.23,2,3.87,4,0.45,-0.32,Home Win
CH_0033,29/08/2026,Norwich City,Burnley,2.3,1.38,4,1,0.92,3,3.68,5,1.7,-0.38,Home Win
CH_0034,29/08/2026,Southampton,Millwall,3.62,1.35,5,1,2.27,4,4.97,6,1.38,-0.35,Home Win
CH_0035,29/08/2026,Watford,West Ham United,1.6,0.89,1,1,0.71,0,2.49,2,-0.6,0.11,Draw
CH_0036,29/08/2026,Wolverhampton Wanderers,Stoke City,2.66,0.83,4,1,1.83,3,3.49,5,1.34,0.17,Home Win
CH_0037,01/09/2026,Birmingham City,Southampton,1.55,1.02,1,1,0.53,0,2.57,2,-0.55,-0.02,Draw
CH_0038,01/09/2026,Lincoln City,Blackburn Rovers,1.46,0.24,0,0,1.22,0,1.7,0,-1.46,-0.24,Draw
CH_0039,01/09/2026,Portsmouth,Derby County,0.84,0.55,0,2,0.29,-2,1.39,2,-0.84,1.45,Away Win
CH_0040,01/09/2026,Preston North End,Bristol City,1.91,1.78,1,3,0.13,-2,3.69,4,-0.91,1.22,Away Win
CH_0041,01/09/2026,Sheffield United,Bolton Wanderers,2.21,1.91,3,2,0.3,1,4.12,5,0.79,0.09,Home Win
CH_0042,01/09/2026,Stoke City,Norwich City,0.22,1.44,1,0,-1.22,1,1.66,1,0.78,-1.44,Home Win
CH_0043,01/09/2026,Swansea City,Watford,2.71,0.88,2,0,1.83,2,3.59,2,-0.71,-0.88,Home Win
CH_0044,01/09/2026,West Ham United,Wolverhampton Wanderers,2.05,0.94,4,2,1.11,2,2.99,6,1.95,1.06,Home Win
CH_0045,02/09/2026,Burnley,Middlesbrough,0.68,0.97,1,1,-0.29,0,1.65,2,0.32,0.03,Draw
CH_0046,02/09/2026,Millwall,Wrexham,0.24,0.88,0,3,-0.64,-3,1.12,3,-0.24,2.12,Away Win
CH_0047,02/09/2026,Queens Park Rangers,Cardiff City,2.75,0.57,2,1,2.18,1,3.32,3,-0.75,0.43,Home Win
CH_0048,02/09/2026,West Bromwich Albion,Charlton Athletic,0.6,0.39,1,1,0.21,0,0.99,2,0.4,0.61,Draw
CH_0049,05/09/2026,Burnley,Bristol City,0.26,1.06,1,2,-0.8,-1,1.32,3,0.74,0.94,Away Win
CH_0050,05/09/2026,Lincoln City,Southampton,1.93,0.67,1,1,1.26,0,2.6,2,-0.93,0.33,Draw
CH_0051,05/09/2026,Millwall,Bolton Wanderers,2.63,1.15,4,0,1.48,4,3.78,4,1.37,-1.15,Home Win
CH_0052,05/09/2026,Portsmouth,Cardiff City,2.07,1.38,2,0,0.69,2,3.45,2,-0.07,-1.38,Home Win
CH_0053,05/09/2026,Preston North End,Blackburn Rovers,2.19,1.09,2,1,1.1,1,3.28,3,-0.19,-0.09,Home Win
CH_0054,05/09/2026,Queens Park Rangers,Middlesbrough,1.03,2.53,0,1,-1.5,-1,3.56,1,-1.03,-1.53,Away Win
CH_0055,05/09/2026,Sheffield United,Norwich City,0.79,3.04,1,3,-2.25,-2,3.83,4,0.21,-0.04,Away Win
CH_0056,05/09/2026,Stoke City,Charlton Athletic,2.14,0.61,4,0,1.53,4,2.75,4,1.86,-0.61,Home Win
CH_0057,05/09/2026,Swansea City,Wrexham,0.74,0.67,0,0,0.07,0,1.41,0,-0.74,-0.67,Draw
CH_0058,05/09/2026,West Bromwich Albion,Watford,1.14,1.26,1,0,-0.12,1,2.4,1,-0.14,-1.26,Home Win
CH_0059,05/09/2026,West Ham United,Derby County,3.79,0.11,3,0,3.68,3,3.9,3,-0.79,-0.11,Home Win
CH_0060,06/09/2026,Birmingham City,Wolverhampton Wanderers,1.39,2.47,2,2,-1.08,0,3.86,4,0.61,-0.47,Draw
CH_0061,08/09/2026,Blackburn Rovers,Sheffield United,1.62,0.66,1,2,0.96,-1,2.28,3,-0.62,1.34,Away Win
CH_0062,08/09/2026,Bolton Wanderers,West Ham United,1.56,2.22,2,3,-0.66,-1,3.78,5,0.44,0.78,Away Win
CH_0063,08/09/2026,Cardiff City,Stoke City,3.56,1.11,1,1,2.45,0,4.67,2,-2.56,-0.11,Draw
CH_0064,08/09/2026,Southampton,Swansea City,1.44,1.22,3,1,0.22,2,2.66,4,1.56,-0.22,Home Win
CH_0065,08/09/2026,Watford,Preston North End,1.44,2.48,2,1,-1.04,1,3.92,3,0.56,-1.48,Home Win
CH_0066,08/09/2026,Wrexham,Burnley,1.35,1.5,1,1,-0.15,0,2.85,2,-0.35,-0.5,Draw
CH_0067,09/09/2026,Charlton Athletic,Queens Park Rangers,0.48,1.1,0,0,-0.62,0,1.58,0,-0.48,-1.1,Draw
CH_0068,09/09/2026,Derby County,West Bromwich Albion,1.27,0.38,0,1,0.89,-1,1.65,1,-1.27,0.62,Away Win
CH_0069,09/09/2026,Norwich City,Birmingham City,1.01,1.63,2,1,-0.62,1,2.64,3,0.99,-0.63,Home Win
CH_0070,09/09/2026,Wolverhampton Wanderers,Portsmouth,,,,,,,,,,,
CH_0071,11/09/2026,West Ham United,Wrexham,2.96,0.44,6,0,2.52,6,3.4,6,3.04,-0.44,Home Win
CH_0072,12/09/2026,Blackburn Rovers,Millwall,1.23,1.67,3,1,-0.44,2,2.9,4,1.77,-0.67,Home Win
CH_0073,12/09/2026,Bolton Wanderers,Cardiff City,0.48,1.79,1,0,-1.31,1,2.27,1,0.52,-1.79,Home Win
CH_0074,12/09/2026,Charlton Athletic,Portsmouth,0.82,0.4,0,0,0.42,0,1.22,0,-0.82,-0.4,Draw
CH_0075,12/09/2026,Derby County,Birmingham City,1.11,3.17,1,2,-2.06,-1,4.28,3,-0.11,-1.17,Away Win
CH_0076,12/09/2026,Middlesbrough,Norwich City,2.38,1.76,4,3,0.62,1,4.14,7,1.62,1.24,Home Win
CH_0077,12/09/2026,Preston North End,Lincoln City,0.58,0.65,0,1,-0.07,-1,1.23,1,-0.58,0.35,Away Win
CH_0078,12/09/2026,Southampton,Bristol City,1.71,2.24,4,1,-0.53,3,3.95,5,2.29,-1.24,Home Win
CH_0079,12/09/2026,Swansea City,Burnley,2.63,1.73,3,1,0.9,2,4.36,4,0.37,-0.73,Home Win
CH_0080,12/09/2026,Watford,Stoke City,0.39,1.5,1,2,-1.11,-1,1.89,3,0.61,0.5,Away Win
CH_0081,12/09/2026,West Bromwich Albion,Queens Park Rangers,1.22,0.62,1,1,0.6,0,1.84,2,-0.22,0.38,Draw
CH_0082,13/09/2026,Sheffield United,Wolverhampton Wanderers,0.63,1.54,0,1,-0.91,-1,2.17,1,-0.63,-0.54,Away Win
CH_0083,15/09/2026,Bristol City,Lincoln City,1.53,0.53,0,1,1,-1,2.06,1,-1.53,0.47,Away Win
CH_0084,15/09/2026,Middlesbrough,Millwall,1.52,1.69,2,2,-0.17,0,3.21,4,0.48,0.31,Draw
CH_0085,18/09/2026,Bristol City,Watford,1.47,0.57,1,0,0.9,1,2.04,1,-0.47,-0.57,Home Win
CH_0086,19/09/2026,Birmingham City,Middlesbrough,1.23,2.14,2,2,-0.91,0,3.37,4,0.77,-0.14,Draw
CH_0087,19/09/2026,Burnley,Derby County,0.45,1.75,1,1,-1.3,0,2.2,2,0.55,-0.75,Draw
CH_0088,19/09/2026,Cardiff City,Charlton Athletic,2.6,1.34,3,1,1.26,2,3.94,4,0.4,-0.34,Home Win
CH_0089,19/09/2026,Lincoln City,Swansea City,2.11,0.92,1,2,1.19,-1,3.03,3,-1.11,1.08,Away Win
CH_0090,19/09/2026,Millwall,West Ham United,2.86,1.87,2,2,0.99,0,4.73,4,-0.86,0.13,Draw
CH_0091,19/09/2026,Portsmouth,Blackburn Rovers,1.6,0.59,2,2,1.01,0,2.19,4,0.4,1.41,Draw
CH_0092,19/09/2026,Queens Park Rangers,Preston North End,2.54,1.5,2,2,1.04,0,4.04,4,-0.54,0.5,Draw
CH_0093,19/09/2026,Stoke City,Sheffield United,0.65,0.36,2,1,0.29,1,1.01,3,1.35,0.64,Home Win
CH_0094,19/09/2026,Wrexham,Southampton,0.54,2.08,2,1,-1.54,1,2.62,3,1.46,-1.08,Home Win
CH_0095,20/09/2026,Norwich City,Bolton Wanderers,0.69,1.1,3,4,-0.41,-1,1.79,7,2.31,2.9,Away Win
CH_0096,20/09/2026,Wolverhampton Wanderers,West Bromwich Albion,1.95,0.29,1,0,1.66,1,2.24,1,-0.95,-0.29,Home Win
CH_0097,09/10/2026,West Ham United,Queens Park Rangers,,,,,,,,,,,
CH_0098,10/10/2026,Blackburn Rovers,Cardiff City,,,,,,,,,,,
CH_0099,10/10/2026,Bolton Wanderers,Stoke City,,,,,,,,,,,
CH_0100,10/10/2026,Charlton Athletic,Bristol City,,,,,,,,,,,
CH_0101,10/10/2026,Derby County,Wrexham,,,,,,,,,,,
CH_0102,10/10/2026,Middlesbrough,Wolverhampton Wanderers,,,,,,,,,,,
CH_0103,10/10/2026,Preston North End,Millwall,,,,,,,,,,,
CH_0104,10/10/2026,Sheffield United,Lincoln City,,,,,,,,,,,
CH_0105,10/10/2026,Swansea City,Norwich City,,,,,,,,,,,
CH_0106,10/10/2026,Watford,Burnley,,,,,,,,,,,
CH_0107,10/10/2026,West Bromwich Albion,Birmingham City,,,,,,,,,,,
CH_0108,11/10/2026,Southampton,Portsmouth,,,,,,,,,,,
CH_0109,13/10/2026,Birmingham City,Preston North End,,,,,,,,,,,
CH_0110,13/10/2026,Bristol City,Blackburn Rovers,,,,,,,,,,,
CH_0111,13/10/2026,Burnley,Charlton Athletic,,,,,,,,,,,
CH_0112,13/10/2026,Cardiff City,Watford,,,,,,,,,,,
CH_0113,13/10/2026,Millwall,Swansea City,,,,,,,,,,,
CH_0114,13/10/2026,Stoke City,Middlesbrough,,,,,,,,,,,
CH_0115,13/10/2026,Wolverhampton Wanderers,Bolton Wanderers,,,,,,,,,,,
CH_0116,13/10/2026,Wrexham,West Bromwich Albion,,,,,,,,,,,
CH_0117,14/10/2026,Lincoln City,West Ham United,,,,,,,,,,,
CH_0118,14/10/2026,Norwich City,Southampton,,,,,,,,,,,
CH_0119,14/10/2026,Portsmouth,Sheffield United,,,,,,,,,,,
CH_0120,14/10/2026,Queens Park Rangers,Derby County,,,,,,,,,,,
CH_0121,16/10/2026,Burnley,Wolverhampton Wanderers,,,,,,,,,,,
CH_0122,17/10/2026,Birmingham City,Queens Park Rangers,,,,,,,,,,,
CH_0123,17/10/2026,Bristol City,Sheffield United,,,,,,,,,,,
CH_0124,17/10/2026,Derby County,Stoke City,,,,,,,,,,,
CH_0125,17/10/2026,Middlesbrough,Cardiff City,,,,,,,,,,,
CH_0126,17/10/2026,Millwall,Lincoln City,,,,,,,,,,,
CH_0127,17/10/2026,Norwich City,Portsmouth,,,,,,,,,,,
CH_0128,17/10/2026,Southampton,Bolton Wanderers,,,,,,,,,,,
CH_0129,17/10/2026,Swansea City,West Ham United,,,,,,,,,,,
CH_0130,17/10/2026,Watford,Charlton Athletic,,,,,,,,,,,
CH_0131,17/10/2026,West Bromwich Albion,Blackburn Rovers,,,,,,,,,,,
CH_0132,17/10/2026,Wrexham,Preston North End,,,,,,,,,,,
CH_0133,23/10/2026,Bolton Wanderers,Middlesbrough,,,,,,,,,,,
CH_0134,24/10/2026,Blackburn Rovers,Wrexham,,,,,,,,,,,
CH_0135,24/10/2026,Cardiff City,Birmingham City,,,,,,,,,,,
CH_0136,24/10/2026,Charlton Athletic,Norwich City,,,,,,,,,,,
CH_0137,24/10/2026,Lincoln City,Burnley,,,,,,,,,,,
CH_0138,24/10/2026,Portsmouth,Millwall,,,,,,,,,,,
CH_0139,24/10/2026,Preston North End,West Bromwich Albion,,,,,,,,,,,
CH_0140,24/10/2026,Queens Park Rangers,Swansea City,,,,,,,,,,,
CH_0141,24/10/2026,Sheffield United,Derby County,,,,,,,,,,,
CH_0142,24/10/2026,Stoke City,Bristol City,,,,,,,,,,,
CH_0143,24/10/2026,West Ham United,Southampton,,,,,,,,,,,
CH_0144,24/10/2026,Wolverhampton Wanderers,Watford,,,,,,,,,,,
CH_0145,30/10/2026,Sheffield United,Wrexham,,,,,,,,,,,
CH_0146,31/10/2026,Bolton Wanderers,Bristol City,,,,,,,,,,,
CH_0147,31/10/2026,Burnley,Portsmouth,,,,,,,,,,,
CH_0148,31/10/2026,Lincoln City,Birmingham City,,,,,,,,,,,
CH_0149,31/10/2026,Middlesbrough,Charlton Athletic,,,,,,,,,,,
CH_0150,31/10/2026,Millwall,Derby County,,,,,,,,,,,
CH_0151,31/10/2026,Norwich City,Watford,,,,,,,,,,,
CH_0152,31/10/2026,Southampton,Queens Park Rangers,,,,,,,,,,,
CH_0153,31/10/2026,Stoke City,Preston North End,,,,,,,,,,,
CH_0154,31/10/2026,Swansea City,Blackburn Rovers,,,,,,,,,,,
CH_0155,31/10/2026,West Ham United,West Bromwich Albion,,,,,,,,,,,
CH_0156,31/10/2026,Wolverhampton Wanderers,Cardiff City,,,,,,,,,,,
CH_0157,03/11/2026,Birmingham City,Millwall,,,,,,,,,,,
CH_0158,03/11/2026,Blackburn Rovers,Stoke City,,,,,,,,,,,
CH_0159,03/11/2026,Charlton Athletic,Bolton Wanderers,,,,,,,,,,,
CH_0160,03/11/2026,Derby County,Norwich City,,,,,,,,,,,
CH_0161,03/11/2026,Portsmouth,Swansea City,,,,,,,,,,,
CH_0162,03/11/2026,Preston North End,Sheffield United,,,,,,,,,,,
CH_0163,03/11/2026,Queens Park Rangers,Burnley,,,,,,,,,,,
CH_0164,03/11/2026,Watford,Lincoln City,,,,,,,,,,,
CH_0165,03/11/2026,West Bromwich Albion,Southampton,,,,,,,,,,,
CH_0166,04/11/2026,Bristol City,Wolverhampton Wanderers,,,,,,,,,,,
CH_0167,04/11/2026,Cardiff City,West Ham United,,,,,,,,,,,
CH_0168,04/11/2026,Wrexham,Middlesbrough,,,,,,,,,,,
CH_0169,06/11/2026,Derby County,Bolton Wanderers,,,,,,,,,,,
CH_0170,07/11/2026,Birmingham City,Swansea City,,,,,,,,,,,
CH_0171,07/11/2026,Blackburn Rovers,West Ham United,,,,,,,,,,,
CH_0172,07/11/2026,Bristol City,Norwich City,,,,,,,,,,,
CH_0173,07/11/2026,Cardiff City,Burnley,,,,,,,,,,,
CH_0174,07/11/2026,Charlton Athletic,Sheffield United,,,,,,,,,,,
CH_0175,07/11/2026,Portsmouth,Stoke City,,,,,,,,,,,
CH_0176,07/11/2026,Preston North End,Southampton,,,,,,,,,,,
CH_0177,07/11/2026,Queens Park Rangers,Lincoln City,,,,,,,,,,,
CH_0178,07/11/2026,Watford,Middlesbrough,,,,,,,,,,,
CH_0179,07/11/2026,West Bromwich Albion,Millwall,,,,,,,,,,,
CH_0180,07/11/2026,Wrexham,Wolverhampton Wanderers,,,,,,,,,,,
CH_0181,21/11/2026,Bolton Wanderers,Portsmouth,,,,,,,,,,,
CH_0182,21/11/2026,Lincoln City,Wrexham,,,,,,,,,,,
CH_0183,21/11/2026,Middlesbrough,Bristol City,,,,,,,,,,,
CH_0184,21/11/2026,Millwall,Queens Park Rangers,,,,,,,,,,,
CH_0185,21/11/2026,Norwich City,Cardiff City,,,,,,,,,,,
CH_0186,21/11/2026,Sheffield United,Watford,,,,,,,,,,,
CH_0187,21/11/2026,Southampton,Derby County,,,,,,,,,,,
CH_0188,21/11/2026,Stoke City,Birmingham City,,,,,,,,,,,
CH_0189,21/11/2026,Swansea City,West Bromwich Albion,,,,,,,,,,,
CH_0190,21/11/2026,West Ham United,Preston North End,,,,,,,,,,,
CH_0191,21/11/2026,Wolverhampton Wanderers,Charlton Athletic,,,,,,,,,,,
CH_0192,22/11/2026,Burnley,Blackburn Rovers,,,,,,,,,,,
CH_0193,24/11/2026,Bristol City,Wrexham,,,,,,,,,,,
CH_0194,24/11/2026,Cardiff City,Preston North End,,,,,,,,,,,
CH_0195,24/11/2026,Charlton Athletic,Lincoln City,,,,,,,,,,,
CH_0196,24/11/2026,Middlesbrough,Swansea City,,,,,,,,,,,
CH_0197,24/11/2026,Norwich City,Queens Park Rangers,,,,,,,,,,,
CH_0198,24/11/2026,Portsmouth,West Ham United,,,,,,,,,,,
CH_0199,24/11/2026,Sheffield United,Southampton,,,,,,,,,,,
CH_0200,24/11/2026,Wolverhampton Wanderers,Derby County,,,,,,,,,,,
CH_0201,25/11/2026,Bolton Wanderers,West Bromwich Albion,,,,,,,,,,,
CH_0202,25/11/2026,Burnley,Birmingham City,,,,,,,,,,,
CH_0203,25/11/2026,Stoke City,Millwall,,,,,,,,,,,
CH_0204,25/11/2026,Watford,Blackburn Rovers,,,,,,,,,,,
CH_0205,27/11/2026,Southampton,Middlesbrough,,,,,,,,,,,
CH_0206,28/11/2026,Birmingham City,Bolton Wanderers,,,,,,,,,,,
CH_0207,28/11/2026,Blackburn Rovers,Charlton Athletic,,,,,,,,,,,
CH_0208,28/11/2026,Derby County,Watford,,,,,,,,,,,
CH_0209,28/11/2026,Lincoln City,Wolverhampton Wanderers,,,,,,,,,,,
CH_0210,28/11/2026,Millwall,Burnley,,,,,,,,,,,
CH_0211,28/11/2026,Preston North End,Norwich City,,,,,,,,,,,
CH_0212,28/11/2026,Queens Park Rangers,Sheffield United,,,,,,,,,,,
CH_0213,28/11/2026,West Bromwich Albion,Bristol City,,,,,,,,,,,
CH_0214,28/11/2026,West Ham United,Stoke City,,,,,,,,,,,
CH_0215,28/11/2026,Wrexham,Portsmouth,,,,,,,,,,,
CH_0216,29/11/2026,Swansea City,Cardiff City,,,,,,,,,,,
CH_0217,04/12/2026,Sheffield United,West Ham United,,,,,,,,,,,
CH_0218,05/12/2026,Bolton Wanderers,Blackburn Rovers,,,,,,,,,,,
CH_0219,05/12/2026,Bristol City,Swansea City,,,,,,,,,,,
CH_0220,05/12/2026,Cardiff City,Lincoln City,,,,,,,,,,,
CH_0221,05/12/2026,Charlton Athletic,Birmingham City,,,,,,,,,,,
CH_0222,05/12/2026,Middlesbrough,Derby County,,,,,,,,,,,
CH_0223,05/12/2026,Norwich City,Wrexham,,,,,,,,,,,
CH_0224,05/12/2026,Portsmouth,West Bromwich Albion,,,,,,,,,,,
CH_0225,05/12/2026,Stoke City,Queens Park Rangers,,,,,,,,,,,
CH_0226,05/12/2026,Watford,Millwall,,,,,,,,,,,
CH_0227,05/12/2026,Wolverhampton Wanderers,Southampton,,,,,,,,,,,
CH_0228,06/12/2026,Burnley,Preston North End,,,,,,,,,,,
CH_0229,08/12/2026,Birmingham City,Watford,,,,,,,,,,,
CH_0230,08/12/2026,Blackburn Rovers,Norwich City,,,,,,,,,,,
CH_0231,08/12/2026,Millwall,Sheffield United,,,,,,,,,,,
CH_0232,08/12/2026,Queens Park Rangers,Wolverhampton Wanderers,,,,,,,,,,,
CH_0233,08/12/2026,Swansea City,Bolton Wanderers,,,,,,,,,,,
CH_0234,08/12/2026,West Bromwich Albion,Cardiff City,,,,,,,,,,,
CH_0235,08/12/2026,West Ham United,Middlesbrough,,,,,,,,,,,
CH_0236,08/12/2026,Wrexham,Charlton Athletic,,,,,,,,,,,
CH_0237,09/12/2026,Derby County,Bristol City,,,,,,,,,,,
CH_0238,09/12/2026,Lincoln City,Stoke City,,,,,,,,,,,
CH_0239,09/12/2026,Preston North End,Portsmouth,,,,,,,,,,,
CH_0240,09/12/2026,Southampton,Burnley,,,,,,,,,,,
CH_0241,11/12/2026,Bolton Wanderers,Wrexham,,,,,,,,,,,
CH_0242,12/12/2026,Blackburn Rovers,Derby County,,,,,,,,,,,
CH_0243,12/12/2026,Cardiff City,Southampton,,,,,,,,,,,
CH_0244,12/12/2026,Charlton Athletic,Swansea City,,,,,,,,,,,
CH_0245,12/12/2026,Lincoln City,Norwich City,,,,,,,,,,,
CH_0246,12/12/2026,Portsmouth,Birmingham City,,,,,,,,,,,
CH_0247,12/12/2026,Preston North End,Middlesbrough,,,,,,,,,,,
CH_0248,12/12/2026,Queens Park Rangers,Watford,,,,,,,,,,,
CH_0249,12/12/2026,Sheffield United,Burnley,,,,,,,,,,,
CH_0250,12/12/2026,Stoke City,West Bromwich Albion,,,,,,,,,,,
CH_0251,12/12/2026,West Ham United,Bristol City,,,,,,,,,,,
CH_0252,12/12/2026,Wolverhampton Wanderers,Millwall,,,,,,,,,,,
CH_0253,18/12/2026,West Bromwich Albion,Sheffield United,,,,,,,,,,,
CH_0254,19/12/2026,Birmingham City,West Ham United,,,,,,,,,,,
CH_0255,19/12/2026,Bristol City,Cardiff City,,,,,,,,,,,
CH_0256,19/12/2026,Burnley,Stoke City,,,,,,,,,,,
CH_0257,19/12/2026,Derby County,Lincoln City,,,,,,,,,,,
CH_0258,19/12/2026,Middlesbrough,Portsmouth,,,,,,,,,,,
CH_0259,19/12/2026,Millwall,Charlton Athletic,,,,,,,,,,,
CH_0260,19/12/2026,Norwich City,Wolverhampton Wanderers,,,,,,,,,,,
CH_0261,19/12/2026,Southampton,Blackburn Rovers,,,,,,,,,,,
CH_0262,19/12/2026,Swansea City,Preston North End,,,,,,,,,,,
CH_0263,19/12/2026,Watford,Bolton Wanderers,,,,,,,,,,,
CH_0264,19/12/2026,Wrexham,Queens Park Rangers,,,,,,,,,,,
CH_0265,26/12/2026,Blackburn Rovers,Birmingham City,,,,,,,,,,,
CH_0266,26/12/2026,Bolton Wanderers,Burnley,,,,,,,,,,,
CH_0267,26/12/2026,Cardiff City,Millwall,,,,,,,,,,,
CH_0268,26/12/2026,Charlton Athletic,Southampton,,,,,,,,,,,
CH_0269,26/12/2026,Lincoln City,West Bromwich Albion,,,,,,,,,,,
CH_0270,26/12/2026,Portsmouth,Watford,,,,,,,,,,,
CH_0271,26/12/2026,Preston North End,Derby County,,,,,,,,,,,
CH_0272,26/12/2026,Queens Park Rangers,Bristol City,,,,,,,,,,,
CH_0273,26/12/2026,Sheffield United,Middlesbrough,,,,,,,,,,,
CH_0274,26/12/2026,Stoke City,Wrexham,,,,,,,,,,,
CH_0275,26/12/2026,West Ham United,Norwich City,,,,,,,,,,,
CH_0276,26/12/2026,Wolverhampton Wanderers,Swansea City,,,,,,,,,,,
CH_0277,29/12/2026,Birmingham City,Cardiff City,,,,,,,,,,,
CH_0278,29/12/2026,Bristol City,Stoke City,,,,,,,,,,,
CH_0279,29/12/2026,Burnley,Lincoln City,,,,,,,,,,,
CH_0280,29/12/2026,Derby County,Sheffield United,,,,,,,,,,,
CH_0281,29/12/2026,Middlesbrough,Bolton Wanderers,,,,,,,,,,,
CH_0282,29/12/2026,Millwall,Portsmouth,,,,,,,,,,,
CH_0283,29/12/2026,Norwich City,Charlton Athletic,,,,,,,,,,,
CH_0284,29/12/2026,Southampton,West Ham United,,,,,,,,,,,
CH_0285,29/12/2026,Swansea City,Queens Park Rangers,,,,,,,,,,,
CH_0286,29/12/2026,Watford,Wolverhampton Wanderers,,,,,,,,,,,
CH_0287,29/12/2026,West Bromwich Albion,Preston North End,,,,,,,,,,,
CH_0288,29/12/2026,Wrexham,Blackburn Rovers,,,,,,,,,,,
CH_0289,01/01/2027,Birmingham City,Portsmouth,,,,,,,,,,,
CH_0290,01/01/2027,Bristol City,West Ham United,,,,,,,,,,,
CH_0291,01/01/2027,Burnley,Sheffield United,,,,,,,,,,,
CH_0292,01/01/2027,Derby County,Blackburn Rovers,,,,,,,,,,,
CH_0293,01/01/2027,Middlesbrough,Preston North End,,,,,,,,,,,
CH_0294,01/01/2027,Millwall,Wolverhampton Wanderers,,,,,,,,,,,
CH_0295,01/01/2027,Norwich City,Lincoln City,,,,,,,,,,,
CH_0296,01/01/2027,Southampton,Cardiff City,,,,,,,,,,,
CH_0297,01/01/2027,Swansea City,Charlton Athletic,,,,,,,,,,,
CH_0298,01/01/2027,Watford,Queens Park Rangers,,,,,,,,,,,
CH_0299,01/01/2027,West Bromwich Albion,Stoke City,,,,,,,,,,,
CH_0300,01/01/2027,Wrexham,Bolton Wanderers,,,,,,,,,,,
CH_0301,16/01/2027,Blackburn Rovers,West Bromwich Albion,,,,,,,,,,,
CH_0302,16/01/2027,Bolton Wanderers,Southampton,,,,,,,,,,,
CH_0303,16/01/2027,Cardiff City,Middlesbrough,,,,,,,,,,,
CH_0304,16/01/2027,Charlton Athletic,Watford,,,,,,,,,,,
CH_0305,16/01/2027,Lincoln City,Millwall,,,,,,,,,,,
CH_0306,16/01/2027,Portsmouth,Norwich City,,,,,,,,,,,
CH_0307,16/01/2027,Preston North End,Wrexham,,,,,,,,,,,
CH_0308,16/01/2027,Queens Park Rangers,Birmingham City,,,,,,,,,,,
CH_0309,16/01/2027,Sheffield United,Bristol City,,,,,,,,,,,
CH_0310,16/01/2027,Stoke City,Derby County,,,,,,,,,,,
CH_0311,16/01/2027,West Ham United,Swansea City,,,,,,,,,,,
CH_0312,16/01/2027,Wolverhampton Wanderers,Burnley,,,,,,,,,,,
CH_0313,23/01/2027,Birmingham City,Lincoln City,,,,,,,,,,,
CH_0314,23/01/2027,Blackburn Rovers,Swansea City,,,,,,,,,,,
CH_0315,23/01/2027,Bristol City,Bolton Wanderers,,,,,,,,,,,
CH_0316,23/01/2027,Cardiff City,Wolverhampton Wanderers,,,,,,,,,,,
CH_0317,23/01/2027,Charlton Athletic,Middlesbrough,,,,,,,,,,,
CH_0318,23/01/2027,Derby County,Millwall,,,,,,,,,,,
CH_0319,23/01/2027,Portsmouth,Burnley,,,,,,,,,,,
CH_0320,23/01/2027,Preston North End,Stoke City,,,,,,,,,,,
CH_0321,23/01/2027,Queens Park Rangers,Southampton,,,,,,,,,,,
CH_0322,23/01/2027,Watford,Norwich City,,,,,,,,,,,
CH_0323,23/01/2027,West Bromwich Albion,West Ham United,,,,,,,,,,,
CH_0324,23/01/2027,Wrexham,Sheffield United,,,,,,,,,,,
CH_0325,26/01/2027,Bolton Wanderers,Charlton Athletic,,,,,,,,,,,
CH_0326,26/01/2027,Burnley,Queens Park Rangers,,,,,,,,,,,
CH_0327,26/01/2027,Lincoln City,Watford,,,,,,,,,,,
CH_0328,26/01/2027,Millwall,Birmingham City,,,,,,,,,,,
CH_0329,26/01/2027,Norwich City,Derby County,,,,,,,,,,,
CH_0330,26/01/2027,Sheffield United,Preston North End,,,,,,,,,,,
CH_0331,26/01/2027,Southampton,West Bromwich Albion,,,,,,,,,,,
CH_0332,26/01/2027,Stoke City,Blackburn Rovers,,,,,,,,,,,
CH_0333,27/01/2027,Middlesbrough,Wrexham,,,,,,,,,,,
CH_0334,27/01/2027,Swansea City,Portsmouth,,,,,,,,,,,
CH_0335,27/01/2027,West Ham United,Cardiff City,,,,,,,,,,,
CH_0336,27/01/2027,Wolverhampton Wanderers,Bristol City,,,,,,,,,,,
CH_0337,30/01/2027,Bolton Wanderers,Derby County,,,,,,,,,,,
CH_0338,30/01/2027,Burnley,Cardiff City,,,,,,,,,,,
CH_0339,30/01/2027,Lincoln City,Queens Park Rangers,,,,,,,,,,,
CH_0340,30/01/2027,Middlesbrough,Watford,,,,,,,,,,,
CH_0341,30/01/2027,Millwall,West Bromwich Albion,,,,,,,,,,,
CH_0342,30/01/2027,Norwich City,Bristol City,,,,,,,,,,,
CH_0343,30/01/2027,Sheffield United,Charlton Athletic,,,,,,,,,,,
CH_0344,30/01/2027,Southampton,Preston North End,,,,,,,,,,,
CH_0345,30/01/2027,Stoke City,Portsmouth,,,,,,,,,,,
CH_0346,30/01/2027,Swansea City,Birmingham City,,,,,,,,,,,
CH_0347,30/01/2027,West Ham United,Blackburn Rovers,,,,,,,,,,,
CH_0348,30/01/2027,Wolverhampton Wanderers,Wrexham,,,,,,,,,,,
CH_0349,06/02/2027,Birmingham City,Stoke City,,,,,,,,,,,
CH_0350,06/02/2027,Blackburn Rovers,Burnley,,,,,,,,,,,
CH_0351,06/02/2027,Bristol City,Middlesbrough,,,,,,,,,,,
CH_0352,06/02/2027,Cardiff City,Norwich City,,,,,,,,,,,
CH_0353,06/02/2027,Charlton Athletic,Wolverhampton Wanderers,,,,,,,,,,,
CH_0354,06/02/2027,Derby County,Southampton,,,,,,,,,,,
CH_0355,06/02/2027,Portsmouth,Bolton Wanderers,,,,,,,,,,,
CH_0356,06/02/2027,Preston North End,West Ham United,,,,,,,,,,,
CH_0357,06/02/2027,Queens Park Rangers,Millwall,,,,,,,,,,,
CH_0358,06/02/2027,Watford,Sheffield United,,,,,,,,,,,
CH_0359,06/02/2027,West Bromwich Albion,Swansea City,,,,,,,,,,,
CH_0360,06/02/2027,Wrexham,Lincoln City,,,,,,,,,,,
CH_0361,13/02/2027,Birmingham City,Derby County,,,,,,,,,,,
CH_0362,13/02/2027,Bristol City,Southampton,,,,,,,,,,,
CH_0363,13/02/2027,Burnley,Swansea City,,,,,,,,,,,
CH_0364,13/02/2027,Cardiff City,Bolton Wanderers,,,,,,,,,,,
CH_0365,13/02/2027,Lincoln City,Preston North End,,,,,,,,,,,
CH_0366,13/02/2027,Millwall,Blackburn Rovers,,,,,,,,,,,
CH_0367,13/02/2027,Norwich City,Middlesbrough,,,,,,,,,,,
CH_0368,13/02/2027,Portsmouth,Charlton Athletic,,,,,,,,,,,
CH_0369,13/02/2027,Queens Park Rangers,West Bromwich Albion,,,,,,,,,,,
CH_0370,13/02/2027,Stoke City,Watford,,,,,,,,,,,
CH_0371,13/02/2027,Wolverhampton Wanderers,Sheffield United,,,,,,,,,,,
CH_0372,13/02/2027,Wrexham,West Ham United,,,,,,,,,,,
CH_0373,16/02/2027,Blackburn Rovers,Bristol City,,,,,,,,,,,
CH_0374,16/02/2027,Charlton Athletic,Burnley,,,,,,,,,,,
CH_0375,16/02/2027,Derby County,Queens Park Rangers,,,,,,,,,,,
CH_0376,16/02/2027,Preston North End,Birmingham City,,,,,,,,,,,
CH_0377,16/02/2027,Sheffield United,Portsmouth,,,,,,,,,,,
CH_0378,16/02/2027,Watford,Cardiff City,,,,,,,,,,,
CH_0379,16/02/2027,West Bromwich Albion,Wrexham,,,,,,,,,,,
CH_0380,16/02/2027,West Ham United,Lincoln City,,,,,,,,,,,
CH_0381,17/02/2027,Bolton Wanderers,Wolverhampton Wanderers,,,,,,,,,,,
CH_0382,17/02/2027,Middlesbrough,Stoke City,,,,,,,,,,,
CH_0383,17/02/2027,Southampton,Norwich City,,,,,,,,,,,
CH_0384,17/02/2027,Swansea City,Millwall,,,,,,,,,,,
CH_0385,20/02/2027,Blackburn Rovers,Portsmouth,,,,,,,,,,,
CH_0386,20/02/2027,Bolton Wanderers,Norwich City,,,,,,,,,,,
CH_0387,20/02/2027,Charlton Athletic,Cardiff City,,,,,,,,,,,
CH_0388,20/02/2027,Derby County,Burnley,,,,,,,,,,,
CH_0389,20/02/2027,Middlesbrough,Birmingham City,,,,,,,,,,,
CH_0390,20/02/2027,Preston North End,Queens Park Rangers,,,,,,,,,,,
CH_0391,20/02/2027,Sheffield United,Stoke City,,,,,,,,,,,
CH_0392,20/02/2027,Southampton,Wrexham,,,,,,,,,,,
CH_0393,20/02/2027,Swansea City,Lincoln City,,,,,,,,,,,
CH_0394,20/02/2027,Watford,Bristol City,,,,,,,,,,,
CH_0395,20/02/2027,West Bromwich Albion,Wolverhampton Wanderers,,,,,,,,,,,
CH_0396,21/02/2027,West Ham United,Millwall,,,,,,,,,,,
CH_0397,27/02/2027,Birmingham City,West Bromwich Albion,,,,,,,,,,,
CH_0398,27/02/2027,Bristol City,Charlton Athletic,,,,,,,,,,,
CH_0399,27/02/2027,Burnley,Watford,,,,,,,,,,,
CH_0400,27/02/2027,Cardiff City,Blackburn Rovers,,,,,,,,,,,
CH_0401,27/02/2027,Lincoln City,Sheffield United,,,,,,,,,,,
CH_0402,27/02/2027,Millwall,Preston North End,,,,,,,,,,,
CH_0403,27/02/2027,Norwich City,Swansea City,,,,,,,,,,,
CH_0404,27/02/2027,Queens Park Rangers,West Ham United,,,,,,,,,,,
CH_0405,27/02/2027,Stoke City,Bolton Wanderers,,,,,,,,,,,
CH_0406,27/02/2027,Wolverhampton Wanderers,Middlesbrough,,,,,,,,,,,
CH_0407,27/02/2027,Wrexham,Derby County,,,,,,,,,,,
CH_0408,28/02/2027,Portsmouth,Southampton,,,,,,,,,,,
CH_0409,02/03/2027,Bolton Wanderers,Queens Park Rangers,,,,,,,,,,,
CH_0410,02/03/2027,Bristol City,Birmingham City,,,,,,,,,,,
CH_0411,02/03/2027,Burnley,West Bromwich Albion,,,,,,,,,,,
CH_0412,02/03/2027,Cardiff City,Derby County,,,,,,,,,,,
CH_0413,02/03/2027,Charlton Athletic,West Ham United,,,,,,,,,,,
CH_0414,02/03/2027,Middlesbrough,Blackburn Rovers,,,,,,,,,,,
CH_0415,02/03/2027,Norwich City,Millwall,,,,,,,,,,,
CH_0416,02/03/2027,Watford,Wrexham,,,,,,,,,,,
CH_0417,03/03/2027,Portsmouth,Lincoln City,,,,,,,,,,,
CH_0418,03/03/2027,Sheffield United,Swansea City,,,,,,,,,,,
CH_0419,03/03/2027,Stoke City,Southampton,,,,,,,,,,,
CH_0420,03/03/2027,Wolverhampton Wanderers,Preston North End,,,,,,,,,,,
CH_0421,06/03/2027,Birmingham City,Sheffield United,,,,,,,,,,,
CH_0422,06/03/2027,Blackburn Rovers,Wolverhampton Wanderers,,,,,,,,,,,
CH_0423,06/03/2027,Derby County,Charlton Athletic,,,,,,,,,,,
CH_0424,06/03/2027,Lincoln City,Middlesbrough,,,,,,,,,,,
CH_0425,06/03/2027,Millwall,Bristol City,,,,,,,,,,,
CH_0426,06/03/2027,Preston North End,Bolton Wanderers,,,,,,,,,,,
CH_0427,06/03/2027,Queens Park Rangers,Portsmouth,,,,,,,,,,,
CH_0428,06/03/2027,Southampton,Watford,,,,,,,,,,,
CH_0429,06/03/2027,Swansea City,Stoke City,,,,,,,,,,,
CH_0430,06/03/2027,West Bromwich Albion,Norwich City,,,,,,,,,,,
CH_0431,06/03/2027,West Ham United,Burnley,,,,,,,,,,,
CH_0432,06/03/2027,Wrexham,Cardiff City,,,,,,,,,,,
CH_0433,13/03/2027,Bolton Wanderers,Birmingham City,,,,,,,,,,,
CH_0434,13/03/2027,Bristol City,West Bromwich Albion,,,,,,,,,,,
CH_0435,13/03/2027,Burnley,Millwall,,,,,,,,,,,
CH_0436,13/03/2027,Cardiff City,Swansea City,,,,,,,,,,,
CH_0437,13/03/2027,Charlton Athletic,Blackburn Rovers,,,,,,,,,,,
CH_0438,13/03/2027,Middlesbrough,Southampton,,,,,,,,,,,
CH_0439,13/03/2027,Norwich City,Preston North End,,,,,,,,,,,
CH_0440,13/03/2027,Portsmouth,Wrexham,,,,,,,,,,,
CH_0441,13/03/2027,Sheffield United,Queens Park Rangers,,,,,,,,,,,
CH_0442,13/03/2027,Stoke City,West Ham United,,,,,,,,,,,
CH_0443,13/03/2027,Watford,Derby County,,,,,,,,,,,
CH_0444,13/03/2027,Wolverhampton Wanderers,Lincoln City,,,,,,,,,,,
CH_0445,16/03/2027,Derby County,Middlesbrough,,,,,,,,,,,
CH_0446,16/03/2027,Lincoln City,Cardiff City,,,,,,,,,,,
CH_0447,16/03/2027,Preston North End,Burnley,,,,,,,,,,,
CH_0448,16/03/2027,Queens Park Rangers,Stoke City,,,,,,,,,,,
CH_0449,16/03/2027,Southampton,Wolverhampton Wanderers,,,,,,,,,,,
CH_0450,16/03/2027,Swansea City,Bristol City,,,,,,,,,,,
CH_0451,16/03/2027,West Bromwich Albion,Portsmouth,,,,,,,,,,,
CH_0452,16/03/2027,Wrexham,Norwich City,,,,,,,,,,,
CH_0453,17/03/2027,Birmingham City,Charlton Athletic,,,,,,,,,,,
CH_0454,17/03/2027,Blackburn Rovers,Bolton Wanderers,,,,,,,,,,,
CH_0455,17/03/2027,Millwall,Watford,,,,,,,,,,,
CH_0456,17/03/2027,West Ham United,Sheffield United,,,,,,,,,,,
CH_0457,20/03/2027,Birmingham City,Blackburn Rovers,,,,,,,,,,,
CH_0458,20/03/2027,Bristol City,Queens Park Rangers,,,,,,,,,,,
CH_0459,20/03/2027,Burnley,Bolton Wanderers,,,,,,,,,,,
CH_0460,20/03/2027,Derby County,Preston North End,,,,,,,,,,,
CH_0461,20/03/2027,Middlesbrough,Sheffield United,,,,,,,,,,,
CH_0462,20/03/2027,Millwall,Cardiff City,,,,,,,,,,,
CH_0463,20/03/2027,Norwich City,West Ham United,,,,,,,,,,,
CH_0464,20/03/2027,Southampton,Charlton Athletic,,,,,,,,,,,
CH_0465,20/03/2027,Swansea City,Wolverhampton Wanderers,,,,,,,,,,,
CH_0466,20/03/2027,Watford,Portsmouth,,,,,,,,,,,
CH_0467,20/03/2027,West Bromwich Albion,Lincoln City,,,,,,,,,,,
CH_0468,20/03/2027,Wrexham,Stoke City,,,,,,,,,,,
CH_0469,03/04/2027,Blackburn Rovers,Southampton,,,,,,,,,,,
CH_0470,03/04/2027,Bolton Wanderers,Watford,,,,,,,,,,,
CH_0471,03/04/2027,Cardiff City,Bristol City,,,,,,,,,,,
CH_0472,03/04/2027,Charlton Athletic,Millwall,,,,,,,,,,,
CH_0473,03/04/2027,Lincoln City,Derby County,,,,,,,,,,,
CH_0474,03/04/2027,Portsmouth,Middlesbrough,,,,,,,,,,,
CH_0475,03/04/2027,Preston North End,Swansea City,,,,,,,,,,,
CH_0476,03/04/2027,Queens Park Rangers,Wrexham,,,,,,,,,,,
CH_0477,03/04/2027,Sheffield United,West Bromwich Albion,,,,,,,,,,,
CH_0478,03/04/2027,Stoke City,Burnley,,,,,,,,,,,
CH_0479,03/04/2027,West Ham United,Birmingham City,,,,,,,,,,,
CH_0480,03/04/2027,Wolverhampton Wanderers,Norwich City,,,,,,,,,,,
CH_0481,06/04/2027,Burnley,Wrexham,,,,,,,,,,,
CH_0482,06/04/2027,Lincoln City,Bristol City,,,,,,,,,,,
CH_0483,06/04/2027,Millwall,Middlesbrough,,,,,,,,,,,
CH_0484,06/04/2027,Portsmouth,Wolverhampton Wanderers,,,,,,,,,,,
CH_0485,06/04/2027,Queens Park Rangers,Charlton Athletic,,,,,,,,,,,
CH_0486,06/04/2027,Stoke City,Cardiff City,,,,,,,,,,,
CH_0487,06/04/2027,Swansea City,Southampton,,,,,,,,,,,
CH_0488,06/04/2027,West Ham United,Bolton Wanderers,,,,,,,,,,,
CH_0489,07/04/2027,Birmingham City,Norwich City,,,,,,,,,,,
CH_0490,07/04/2027,Preston North End,Watford,,,,,,,,,,,
CH_0491,07/04/2027,Sheffield United,Blackburn Rovers,,,,,,,,,,,
CH_0492,07/04/2027,West Bromwich Albion,Derby County,,,,,,,,,,,
CH_0493,10/04/2027,Blackburn Rovers,Preston North End,,,,,,,,,,,
CH_0494,10/04/2027,Bolton Wanderers,Millwall,,,,,,,,,,,
CH_0495,10/04/2027,Bristol City,Burnley,,,,,,,,,,,
CH_0496,10/04/2027,Cardiff City,Portsmouth,,,,,,,,,,,
CH_0497,10/04/2027,Charlton Athletic,Stoke City,,,,,,,,,,,
CH_0498,10/04/2027,Derby County,West Ham United,,,,,,,,,,,
CH_0499,10/04/2027,Middlesbrough,Queens Park Rangers,,,,,,,,,,,
CH_0500,10/04/2027,Norwich City,Sheffield United,,,,,,,,,,,
CH_0501,10/04/2027,Southampton,Lincoln City,,,,,,,,,,,
CH_0502,10/04/2027,Watford,West Bromwich Albion,,,,,,,,,,,
CH_0503,10/04/2027,Wolverhampton Wanderers,Birmingham City,,,,,,,,,,,
CH_0504,10/04/2027,Wrexham,Swansea City,,,,,,,,,,,
CH_0505,17/04/2027,Birmingham City,Wrexham,,,,,,,,,,,
CH_0506,17/04/2027,Burnley,Norwich City,,,,,,,,,,,
CH_0507,17/04/2027,Lincoln City,Bolton Wanderers,,,,,,,,,,,
CH_0508,17/04/2027,Millwall,Southampton,,,,,,,,,,,
CH_0509,17/04/2027,Portsmouth,Bristol City,,,,,,,,,,,
CH_0510,17/04/2027,Preston North End,Charlton Athletic,,,,,,,,,,,
CH_0511,17/04/2027,Queens Park Rangers,Blackburn Rovers,,,,,,,,,,,
CH_0512,17/04/2027,Sheffield United,Cardiff City,,,,,,,,,,,
CH_0513,17/04/2027,Stoke City,Wolverhampton Wanderers,,,,,,,,,,,
CH_0514,17/04/2027,Swansea City,Derby County,,,,,,,,,,,
CH_0515,17/04/2027,West Bromwich Albion,Middlesbrough,,,,,,,,,,,
CH_0516,17/04/2027,West Ham United,Watford,,,,,,,,,,,
CH_0517,20/04/2027,Bolton Wanderers,Sheffield United,,,,,,,,,,,
CH_0518,20/04/2027,Charlton Athletic,West Bromwich Albion,,,,,,,,,,,
CH_0519,20/04/2027,Derby County,Portsmouth,,,,,,,,,,,
CH_0520,20/04/2027,Middlesbrough,Burnley,,,,,,,,,,,
CH_0521,20/04/2027,Norwich City,Stoke City,,,,,,,,,,,
CH_0522,20/04/2027,Southampton,Birmingham City,,,,,,,,,,,
CH_0523,20/04/2027,Wolverhampton Wanderers,West Ham United,,,,,,,,,,,
CH_0524,20/04/2027,Wrexham,Millwall,,,,,,,,,,,
CH_0525,21/04/2027,Blackburn Rovers,Lincoln City,,,,,,,,,,,
CH_0526,21/04/2027,Bristol City,Preston North End,,,,,,,,,,,
CH_0527,21/04/2027,Cardiff City,Queens Park Rangers,,,,,,,,,,,
CH_0528,21/04/2027,Watford,Swansea City,,,,,,,,,,,
CH_0529,24/04/2027,Bolton Wanderers,Swansea City,,,,,,,,,,,
CH_0530,24/04/2027,Bristol City,Derby County,,,,,,,,,,,
CH_0531,24/04/2027,Burnley,Southampton,,,,,,,,,,,
CH_0532,24/04/2027,Cardiff City,West Bromwich Albion,,,,,,,,,,,
CH_0533,24/04/2027,Charlton Athletic,Wrexham,,,,,,,,,,,
CH_0534,24/04/2027,Middlesbrough,West Ham United,,,,,,,,,,,
CH_0535,24/04/2027,Norwich City,Blackburn Rovers,,,,,,,,,,,
CH_0536,24/04/2027,Portsmouth,Preston North End,,,,,,,,,,,
CH_0537,24/04/2027,Sheffield United,Millwall,,,,,,,,,,,
CH_0538,24/04/2027,Stoke City,Lincoln City,,,,,,,,,,,
CH_0539,24/04/2027,Watford,Birmingham City,,,,,,,,,,,
CH_0540,24/04/2027,Wolverhampton Wanderers,Queens Park Rangers,,,,,,,,,,,
CH_0541,01/05/2027,Birmingham City,Burnley,,,,,,,,,,,
CH_0542,01/05/2027,Blackburn Rovers,Watford,,,,,,,,,,,
CH_0543,01/05/2027,Derby County,Wolverhampton Wanderers,,,,,,,,,,,
CH_0544,01/05/2027,Lincoln City,Charlton Athletic,,,,,,,,,,,
CH_0545,01/05/2027,Millwall,Stoke City,,,,,,,,,,,
CH_0546,01/05/2027,Preston North End,Cardiff City,,,,,,,,,,,
CH_0547,01/05/2027,Queens Park Rangers,Norwich City,,,,,,,,,,,
CH_0548,01/05/2027,Southampton,Sheffield United,,,,,,,,,,,
CH_0549,01/05/2027,Swansea City,Middlesbrough,,,,,,,,,,,
CH_0550,01/05/2027,West Bromwich Albion,Bolton Wanderers,,,,,,,,,,,
CH_0551,01/05/2027,West Ham United,Portsmouth,,,,,,,,,,,
CH_0552,01/05/2027,Wrexham,Bristol City,,,,,,,,,,,
,,,,,,,,,,,,,,
